variable_a,variable_b,rho,n_pairs,shared_formula,year,settlement
persons,child_share,,0,True,2021,Город
persons,area,0.2620633562636642,6405,False,2021,Город
persons,area_per_person,-0.7736879476186319,6405,True,2021,Город
persons,persons_per_room,0.7329491396819209,6405,True,2021,Город
persons,life_satisfaction,0.10797312122004236,6644,False,2021,Город
persons,living_satisfaction,0.09049841990960279,6646,False,2021,Город
persons,finance_satisfaction,0.07357043331915629,6485,False,2021,Город
persons,utility_difficulty,-0.011832108352912008,6301,False,2021,Город
persons,heat_difficulty,,0,False,2021,Город
persons,no_indoor_water,0.010331304375185441,6405,False,2021,Город
child_share,area,,0,False,2021,Город
child_share,area_per_person,,0,True,2021,Город
child_share,persons_per_room,,0,True,2021,Город
child_share,life_satisfaction,,0,False,2021,Город
child_share,living_satisfaction,,0,False,2021,Город
child_share,finance_satisfaction,,0,False,2021,Город
child_share,utility_difficulty,,0,False,2021,Город
child_share,heat_difficulty,,0,False,2021,Город
child_share,no_indoor_water,,0,False,2021,Город
area,area_per_person,0.3471389704521467,6405,True,2021,Город
area,persons_per_room,-0.29905206076745205,6405,False,2021,Город
area,life_satisfaction,0.036289442542823666,6384,False,2021,Город
area,living_satisfaction,0.04102045804577643,6387,False,2021,Город
area,finance_satisfaction,0.04998004984589477,6231,False,2021,Город
area,utility_difficulty,-0.03739750351298445,6052,False,2021,Город
area,heat_difficulty,,0,False,2021,Город
area,no_indoor_water,0.03754957215187731,6405,False,2021,Город
area_per_person,persons_per_room,-0.9085530242524147,6405,True,2021,Город
area_per_person,life_satisfaction,-0.07639231456870062,6384,False,2021,Город
area_per_person,living_satisfaction,-0.06256327091796134,6387,False,2021,Город
area_per_person,finance_satisfaction,-0.037336386910400816,6231,False,2021,Город
area_per_person,utility_difficulty,-0.010343608428160962,6052,False,2021,Город
area_per_person,heat_difficulty,,0,False,2021,Город
area_per_person,no_indoor_water,0.012478713743952582,6405,False,2021,Город
persons_per_room,life_satisfaction,0.08121521376004044,6384,False,2021,Город
persons_per_room,living_satisfaction,0.06529827576476283,6387,False,2021,Город
persons_per_room,finance_satisfaction,0.04472457157572267,6231,False,2021,Город
persons_per_room,utility_difficulty,-0.0014404159189187241,6052,False,2021,Город
persons_per_room,heat_difficulty,,0,False,2021,Город
persons_per_room,no_indoor_water,-0.02610967612119854,6405,False,2021,Город
life_satisfaction,living_satisfaction,0.8160208918232226,6630,False,2021,Город
life_satisfaction,finance_satisfaction,0.6281788838172215,6468,False,2021,Город
life_satisfaction,utility_difficulty,-0.141130482936887,6282,False,2021,Город
life_satisfaction,heat_difficulty,,0,False,2021,Город
life_satisfaction,no_indoor_water,-0.030357934776223967,6384,False,2021,Город
living_satisfaction,finance_satisfaction,0.7193444640245238,6476,False,2021,Город
living_satisfaction,utility_difficulty,-0.11674219045349989,6284,False,2021,Город
living_satisfaction,heat_difficulty,,0,False,2021,Город
living_satisfaction,no_indoor_water,-0.018585619255324374,6387,False,2021,Город
finance_satisfaction,utility_difficulty,-0.09451851921301238,6132,False,2021,Город
finance_satisfaction,heat_difficulty,,0,False,2021,Город
finance_satisfaction,no_indoor_water,-0.035567318804086555,6231,False,2021,Город
utility_difficulty,heat_difficulty,,0,False,2021,Город
utility_difficulty,no_indoor_water,0.019004711317327956,6052,False,2021,Город
heat_difficulty,no_indoor_water,,0,False,2021,Город
persons,child_share,,0,True,2021,Село
persons,area,0.19785933448108808,5231,False,2021,Село
persons,area_per_person,-0.7866300566055066,5231,True,2021,Село
persons,persons_per_room,0.8588743513450604,5231,True,2021,Село
persons,life_satisfaction,0.14905121275514138,5283,False,2021,Село
persons,living_satisfaction,0.10928978278171914,5282,False,2021,Село
persons,finance_satisfaction,0.09274999084475123,5144,False,2021,Село
persons,utility_difficulty,-0.059098703488595895,5027,False,2021,Село
persons,heat_difficulty,,0,False,2021,Село
persons,no_indoor_water,-0.00802757080788311,5231,False,2021,Село
child_share,area,,0,False,2021,Село
child_share,area_per_person,,0,True,2021,Село
child_share,persons_per_room,,0,True,2021,Село
child_share,life_satisfaction,,0,False,2021,Село
child_share,living_satisfaction,,0,False,2021,Село
child_share,finance_satisfaction,,0,False,2021,Село
child_share,utility_difficulty,,0,False,2021,Село
child_share,heat_difficulty,,0,False,2021,Село
child_share,no_indoor_water,,0,False,2021,Село
area,area_per_person,0.4001744328059006,5231,True,2021,Село
area,persons_per_room,-0.15443104835023236,5231,False,2021,Село
area,life_satisfaction,0.1099191122706717,5217,False,2021,Село
area,living_satisfaction,0.07721390145877925,5216,False,2021,Село
area,finance_satisfaction,0.07737074907279279,5080,False,2021,Село
area,utility_difficulty,-0.05062656188384523,4966,False,2021,Село
area,heat_difficulty,,0,False,2021,Село
area,no_indoor_water,-0.01923496746537766,5231,False,2021,Село
area_per_person,persons_per_room,-0.8993721222800419,5231,True,2021,Село
area_per_person,life_satisfaction,-0.062087213754290056,5217,False,2021,Село
area_per_person,living_satisfaction,-0.04453046736413833,5216,False,2021,Село
area_per_person,finance_satisfaction,-0.034524563978767873,5080,False,2021,Село
area_per_person,utility_difficulty,0.016949148947538312,4966,False,2021,Село
area_per_person,heat_difficulty,,0,False,2021,Село
area_per_person,no_indoor_water,0.0027704821430709296,5231,False,2021,Село
persons_per_room,life_satisfaction,0.1059503555972861,5217,False,2021,Село
persons_per_room,living_satisfaction,0.07554490817812103,5216,False,2021,Село
persons_per_room,finance_satisfaction,0.05874708588570805,5080,False,2021,Село
persons_per_room,utility_difficulty,-0.03367906204032777,4966,False,2021,Село
persons_per_room,heat_difficulty,,0,False,2021,Село
persons_per_room,no_indoor_water,-0.019716856139925527,5231,False,2021,Село
life_satisfaction,living_satisfaction,0.8253059033968123,5275,False,2021,Село
life_satisfaction,finance_satisfaction,0.6249844897641468,5137,False,2021,Село
life_satisfaction,utility_difficulty,-0.15548872344088419,5021,False,2021,Село
life_satisfaction,heat_difficulty,,0,False,2021,Село
life_satisfaction,no_indoor_water,-0.03958584054242213,5217,False,2021,Село
living_satisfaction,finance_satisfaction,0.7050618656861891,5139,False,2021,Село
living_satisfaction,utility_difficulty,-0.1356667273992928,5019,False,2021,Село
living_satisfaction,heat_difficulty,,0,False,2021,Село
living_satisfaction,no_indoor_water,-0.04449956172202482,5216,False,2021,Село
finance_satisfaction,utility_difficulty,-0.12403905798229123,4889,False,2021,Село
finance_satisfaction,heat_difficulty,,0,False,2021,Село
finance_satisfaction,no_indoor_water,-0.038118685372850895,5080,False,2021,Село
utility_difficulty,heat_difficulty,,0,False,2021,Село
utility_difficulty,no_indoor_water,0.08119315898157026,4966,False,2021,Село
heat_difficulty,no_indoor_water,,0,False,2021,Село
persons,child_share,0.7690912577518206,6443,True,2022,Город
persons,area,0.2587982254525025,6235,False,2022,Город
persons,area_per_person,-0.7689756555090702,6235,True,2022,Город
persons,persons_per_room,0.731512660270438,6235,True,2022,Город
persons,life_satisfaction,0.14772689269492784,6368,False,2022,Город
persons,living_satisfaction,0.11536037405280966,6368,False,2022,Город
persons,finance_satisfaction,0.11377001497335341,6160,False,2022,Город
persons,utility_difficulty,-0.009533600184921784,6082,False,2022,Город
persons,heat_difficulty,-0.0016209276371622454,6390,False,2022,Город
persons,no_indoor_water,0.03366530045197795,6235,False,2022,Город
child_share,area,0.1585731657558039,6235,False,2022,Город
child_share,area_per_person,-0.6094186834312728,6235,True,2022,Город
child_share,persons_per_room,0.5857197018959652,6235,True,2022,Город
child_share,life_satisfaction,0.1254257510740549,6368,False,2022,Город
child_share,living_satisfaction,0.10215951937846073,6368,False,2022,Город
child_share,finance_satisfaction,0.09893509279014015,6160,False,2022,Город
child_share,utility_difficulty,-0.019207063514844153,6082,False,2022,Город
child_share,heat_difficulty,-0.02223996581527802,6390,False,2022,Город
child_share,no_indoor_water,0.024715475487378763,6235,False,2022,Город
area,area_per_person,0.3609255699265648,6235,True,2022,Город
area,persons_per_room,-0.3094366363358385,6235,False,2022,Город
area,life_satisfaction,0.09022772968802736,6210,False,2022,Город
area,living_satisfaction,0.07542109487142887,6210,False,2022,Город
area,finance_satisfaction,0.06142417100328403,6005,False,2022,Город
area,utility_difficulty,0.004355543201941834,5929,False,2022,Город
area,heat_difficulty,0.007629868405079182,6231,False,2022,Город
area,no_indoor_water,0.0822201019508601,6235,False,2022,Город
area_per_person,persons_per_room,-0.9097885586853676,6235,True,2022,Город
area_per_person,life_satisfaction,-0.07961560222747746,6210,False,2022,Город
area_per_person,living_satisfaction,-0.05814884998351753,6210,False,2022,Город
area_per_person,finance_satisfaction,-0.06824033841777591,6005,False,2022,Город
area_per_person,utility_difficulty,0.00916709881619478,5929,False,2022,Город
area_per_person,heat_difficulty,0.006161466178528388,6231,False,2022,Город
area_per_person,no_indoor_water,0.023715513153280837,6235,False,2022,Город
persons_per_room,life_satisfaction,0.08714048726033141,6210,False,2022,Город
persons_per_room,living_satisfaction,0.06731627331112112,6210,False,2022,Город
persons_per_room,finance_satisfaction,0.07057334373676798,6005,False,2022,Город
persons_per_room,utility_difficulty,-0.011420971738552896,5929,False,2022,Город
persons_per_room,heat_difficulty,-0.015720619361226266,6231,False,2022,Город
persons_per_room,no_indoor_water,-0.030594154138155763,6235,False,2022,Город
life_satisfaction,living_satisfaction,0.7432074098770203,6347,False,2022,Город
life_satisfaction,finance_satisfaction,0.7400442119285493,6146,False,2022,Город
life_satisfaction,utility_difficulty,-0.02510969346550022,6061,False,2022,Город
life_satisfaction,heat_difficulty,0.004973581816266163,6368,False,2022,Город
life_satisfaction,no_indoor_water,-0.010963266058836612,6210,False,2022,Город
living_satisfaction,finance_satisfaction,0.6758996769343895,6144,False,2022,Город
living_satisfaction,utility_difficulty,-0.006780217345243783,6061,False,2022,Город
living_satisfaction,heat_difficulty,-0.0013560044693869495,6368,False,2022,Город
living_satisfaction,no_indoor_water,-0.001756052706619556,6210,False,2022,Город
finance_satisfaction,utility_difficulty,-0.033591160977513454,5860,False,2022,Город
finance_satisfaction,heat_difficulty,-0.01567146903086382,6160,False,2022,Город
finance_satisfaction,no_indoor_water,-0.011685930866739304,6005,False,2022,Город
utility_difficulty,heat_difficulty,0.27802783862942104,6082,False,2022,Город
utility_difficulty,no_indoor_water,0.009889963157623027,5929,False,2022,Город
heat_difficulty,no_indoor_water,0.013340735574913056,6231,False,2022,Город
persons,child_share,0.7539972601814916,5557,True,2022,Село
persons,area,0.2070629493010457,5509,False,2022,Село
persons,area_per_person,-0.7620202266032017,5509,True,2022,Село
persons,persons_per_room,0.8369762835843654,5509,True,2022,Село
persons,life_satisfaction,0.14249162234171658,5525,False,2022,Село
persons,living_satisfaction,0.11624975986545752,5528,False,2022,Село
persons,finance_satisfaction,0.11535114120554411,5344,False,2022,Село
persons,utility_difficulty,-0.021878118232085984,5192,False,2022,Село
persons,heat_difficulty,0.018561623333380045,5544,False,2022,Село
persons,no_indoor_water,-0.013979399664838323,5509,False,2022,Село
child_share,area,0.1415486004939923,5509,False,2022,Село
child_share,area_per_person,-0.586244824226793,5509,True,2022,Село
child_share,persons_per_room,0.6386246136605139,5509,True,2022,Село
child_share,life_satisfaction,0.09650645082269557,5525,False,2022,Село
child_share,living_satisfaction,0.07540397871533787,5528,False,2022,Село
child_share,finance_satisfaction,0.09047955045837479,5344,False,2022,Село
child_share,utility_difficulty,-0.008583316664479042,5192,False,2022,Село
child_share,heat_difficulty,0.0071257131914000335,5544,False,2022,Село
child_share,no_indoor_water,-0.02488870060890297,5509,False,2022,Село
area,area_per_person,0.4255004216139003,5509,True,2022,Село
area,persons_per_room,-0.16664044437238854,5509,False,2022,Село
area,life_satisfaction,0.10134719471684434,5488,False,2022,Село
area,living_satisfaction,0.08057509690781878,5492,False,2022,Село
area,finance_satisfaction,0.08498757365337885,5309,False,2022,Село
area,utility_difficulty,0.01232212214923377,5156,False,2022,Село
area,heat_difficulty,0.029554477595003834,5507,False,2022,Село
area,no_indoor_water,0.007341831466140005,5509,False,2022,Село
area_per_person,persons_per_room,-0.8818487625472095,5509,True,2022,Село
area_per_person,life_satisfaction,-0.06284079637129049,5488,False,2022,Село
area_per_person,living_satisfaction,-0.05018412508378465,5492,False,2022,Село
area_per_person,finance_satisfaction,-0.05027852850776158,5309,False,2022,Село
area_per_person,utility_difficulty,0.030628666632523692,5156,False,2022,Село
area_per_person,heat_difficulty,0.004385378088195058,5507,False,2022,Село
area_per_person,no_indoor_water,0.034944670301005044,5509,False,2022,Село
persons_per_room,life_satisfaction,0.09641938049023796,5488,False,2022,Село
persons_per_room,living_satisfaction,0.0791893875449321,5492,False,2022,Село
persons_per_room,finance_satisfaction,0.07626522385837962,5309,False,2022,Село
persons_per_room,utility_difficulty,-0.026166462774672414,5156,False,2022,Село
persons_per_room,heat_difficulty,0.011336026765878079,5507,False,2022,Село
persons_per_room,no_indoor_water,-0.04870521349501018,5509,False,2022,Село
life_satisfaction,living_satisfaction,0.7241905507712242,5509,False,2022,Село
life_satisfaction,finance_satisfaction,0.7744424382325926,5331,False,2022,Село
life_satisfaction,utility_difficulty,-0.00024336124383595803,5175,False,2022,Село
life_satisfaction,heat_difficulty,0.02634527884818912,5525,False,2022,Село
life_satisfaction,no_indoor_water,0.015943569778078804,5488,False,2022,Село
living_satisfaction,finance_satisfaction,0.6885233952267599,5329,False,2022,Село
living_satisfaction,utility_difficulty,0.002548898894740001,5178,False,2022,Село
living_satisfaction,heat_difficulty,0.010406959911058037,5528,False,2022,Село
living_satisfaction,no_indoor_water,-0.011959963919369057,5492,False,2022,Село
finance_satisfaction,utility_difficulty,-0.018692483121133974,5011,False,2022,Село
finance_satisfaction,heat_difficulty,0.016576204573342038,5344,False,2022,Село
finance_satisfaction,no_indoor_water,0.003112822193013875,5309,False,2022,Село
utility_difficulty,heat_difficulty,0.3139855355197552,5192,False,2022,Село
utility_difficulty,no_indoor_water,-0.0025422595961683246,5156,False,2022,Село
heat_difficulty,no_indoor_water,0.001252303697198755,5507,False,2022,Село
persons,child_share,0.7579511227531132,6575,True,2023,Город
persons,area,0.24337722439002918,6332,False,2023,Город
persons,area_per_person,-0.7964650180602755,6332,True,2023,Город
persons,persons_per_room,0.7537178246415115,6332,True,2023,Город
persons,life_satisfaction,0.0815171415053912,6529,False,2023,Город
persons,living_satisfaction,0.08326013686635048,6528,False,2023,Город
persons,finance_satisfaction,0.08742470974327497,6380,False,2023,Город
persons,utility_difficulty,0.03444053168011818,6082,False,2023,Город
persons,heat_difficulty,0.013812110243745313,6374,False,2023,Город
persons,no_indoor_water,-0.017407730278172915,6332,False,2023,Город
child_share,area,0.16031022330827205,6332,False,2023,Город
child_share,area_per_person,-0.6124480041324092,6332,True,2023,Город
child_share,persons_per_room,0.5806655816400161,6332,True,2023,Город
child_share,life_satisfaction,0.0679827948637807,6529,False,2023,Город
child_share,living_satisfaction,0.06662179606029556,6528,False,2023,Город
child_share,finance_satisfaction,0.06783563501364377,6380,False,2023,Город
child_share,utility_difficulty,0.02043196304646702,6082,False,2023,Город
child_share,heat_difficulty,0.010834581714569639,6374,False,2023,Город
child_share,no_indoor_water,-0.021459567741763105,6332,False,2023,Город
area,area_per_person,0.33772413394188,6332,True,2023,Город
area,persons_per_room,-0.29883655758506383,6332,False,2023,Город
area,life_satisfaction,0.08608421078501154,6309,False,2023,Город
area,living_satisfaction,0.08348065170733072,6309,False,2023,Город
area,finance_satisfaction,0.08221179623627912,6168,False,2023,Город
area,utility_difficulty,0.012419784340756352,5877,False,2023,Город
area,heat_difficulty,0.00024308869280894132,6159,False,2023,Город
area,no_indoor_water,0.029471585053120274,6332,False,2023,Город
area_per_person,persons_per_room,-0.9133223424719057,6332,True,2023,Город
area_per_person,life_satisfaction,-0.030623371481318832,6309,False,2023,Город
area_per_person,living_satisfaction,-0.03965385449157818,6309,False,2023,Город
area_per_person,finance_satisfaction,-0.04167973096897396,6168,False,2023,Город
area_per_person,utility_difficulty,-0.028656266204079506,5877,False,2023,Город
area_per_person,heat_difficulty,-0.01466104521239479,6159,False,2023,Город
area_per_person,no_indoor_water,0.029908866039730867,6332,False,2023,Город
persons_per_room,life_satisfaction,0.03562214988252291,6309,False,2023,Город
persons_per_room,living_satisfaction,0.04458972097921685,6309,False,2023,Город
persons_per_room,finance_satisfaction,0.04287553739396398,6168,False,2023,Город
persons_per_room,utility_difficulty,0.031422331411453314,5877,False,2023,Город
persons_per_room,heat_difficulty,0.017336122094420384,6159,False,2023,Город
persons_per_room,no_indoor_water,-0.04105878439125298,6332,False,2023,Город
life_satisfaction,living_satisfaction,0.7474148657636894,6517,False,2023,Город
life_satisfaction,finance_satisfaction,0.7733906151970962,6369,False,2023,Город
life_satisfaction,utility_difficulty,0.011750582440410058,6071,False,2023,Город
life_satisfaction,heat_difficulty,0.008726814184590833,6363,False,2023,Город
life_satisfaction,no_indoor_water,-0.023506003264709852,6309,False,2023,Город
living_satisfaction,finance_satisfaction,0.6798844359821354,6369,False,2023,Город
living_satisfaction,utility_difficulty,-0.005741761386052339,6070,False,2023,Город
living_satisfaction,heat_difficulty,0.002876639886287676,6362,False,2023,Город
living_satisfaction,no_indoor_water,-0.01721742070423216,6309,False,2023,Город
finance_satisfaction,utility_difficulty,0.011065891530365697,5935,False,2023,Город
finance_satisfaction,heat_difficulty,0.015380464446559895,6218,False,2023,Город
finance_satisfaction,no_indoor_water,-0.010138172816200513,6168,False,2023,Город
utility_difficulty,heat_difficulty,0.38376484750491274,6082,False,2023,Город
utility_difficulty,no_indoor_water,-0.011626645033681002,5877,False,2023,Город
heat_difficulty,no_indoor_water,-0.01771072494123779,6159,False,2023,Город
persons,child_share,0.7751192359976411,5425,True,2023,Село
persons,area,0.21865042610190968,5327,False,2023,Село
persons,area_per_person,-0.7641023631755798,5327,True,2023,Село
persons,persons_per_room,0.8460772721462243,5327,True,2023,Село
persons,life_satisfaction,0.11567998794946606,5403,False,2023,Село
persons,living_satisfaction,0.0778749562391874,5396,False,2023,Село
persons,finance_satisfaction,0.11561607531818933,5273,False,2023,Село
persons,utility_difficulty,0.00843660295321327,5006,False,2023,Село
persons,heat_difficulty,0.011325278904550711,5251,False,2023,Село
persons,no_indoor_water,0.02683404421971718,5327,False,2023,Село
child_share,area,0.13866277395733365,5327,False,2023,Село
child_share,area_per_person,-0.6098602280186018,5327,True,2023,Село
child_share,persons_per_room,0.6559500420303962,5327,True,2023,Село
child_share,life_satisfaction,0.056905754594057376,5403,False,2023,Село
child_share,living_satisfaction,0.0328723505814074,5396,False,2023,Село
child_share,finance_satisfaction,0.05985476782714627,5273,False,2023,Село
child_share,utility_difficulty,0.0189829562723749,5006,False,2023,Село
child_share,heat_difficulty,0.008962781922653545,5251,False,2023,Село
child_share,no_indoor_water,0.018566421247657193,5327,False,2023,Село
area,area_per_person,0.41182916958469523,5327,True,2023,Село
area,persons_per_room,-0.13192698462927369,5327,False,2023,Село
area,life_satisfaction,0.11685639304738406,5307,False,2023,Село
area,living_satisfaction,0.09030414897677617,5300,False,2023,Село
area,finance_satisfaction,0.12185653347195943,5178,False,2023,Село
area,utility_difficulty,0.03457470454030483,4918,False,2023,Село
area,heat_difficulty,-0.007835996881463643,5160,False,2023,Село
area,no_indoor_water,0.01089932305852315,5327,False,2023,Село
area_per_person,persons_per_room,-0.8734364104996604,5327,True,2023,Село
area_per_person,life_satisfaction,-0.03543715722302544,5307,False,2023,Село
area_per_person,living_satisfaction,-0.018219780486135814,5300,False,2023,Село
area_per_person,finance_satisfaction,-0.03205530038702403,5178,False,2023,Село
area_per_person,utility_difficulty,0.02182958522566373,4918,False,2023,Село
area_per_person,heat_difficulty,4.234920718812195e-05,5160,False,2023,Село
area_per_person,no_indoor_water,-0.0072008466662817445,5327,False,2023,Село
persons_per_room,life_satisfaction,0.07664205538589942,5307,False,2023,Село
persons_per_room,living_satisfaction,0.046295024580125084,5300,False,2023,Село
persons_per_room,finance_satisfaction,0.06958146395530442,5178,False,2023,Село
persons_per_room,utility_difficulty,-0.0012279416360315852,4918,False,2023,Село
persons_per_room,heat_difficulty,-5.9152978504535244e-05,5160,False,2023,Село
persons_per_room,no_indoor_water,-0.0009760361202685747,5327,False,2023,Село
life_satisfaction,living_satisfaction,0.7359867181972605,5386,False,2023,Село
life_satisfaction,finance_satisfaction,0.7893199482355926,5263,False,2023,Село
life_satisfaction,utility_difficulty,0.004740031240859867,4999,False,2023,Село
life_satisfaction,heat_difficulty,-0.009068611735810722,5241,False,2023,Село
life_satisfaction,no_indoor_water,-0.02939860382023661,5307,False,2023,Село
living_satisfaction,finance_satisfaction,0.6807411026483589,5256,False,2023,Село
living_satisfaction,utility_difficulty,-0.005154257920080842,4992,False,2023,Село
living_satisfaction,heat_difficulty,-0.0023777626717890483,5235,False,2023,Село
living_satisfaction,no_indoor_water,-0.056153573589511487,5300,False,2023,Село
finance_satisfaction,utility_difficulty,0.007255826808847642,4877,False,2023,Село
finance_satisfaction,heat_difficulty,-0.011597584764288446,5114,False,2023,Село
finance_satisfaction,no_indoor_water,-0.01348456054672041,5178,False,2023,Село
utility_difficulty,heat_difficulty,0.3182425275682134,5006,False,2023,Село
utility_difficulty,no_indoor_water,0.034352362925901436,4918,False,2023,Село
heat_difficulty,no_indoor_water,0.04988877758506286,5160,False,2023,Село
persons,child_share,0.7557984555377835,6603,True,2024,Город
persons,area,0.25956897333577594,6375,False,2024,Город
persons,area_per_person,-0.7753016149940266,6375,True,2024,Город
persons,persons_per_room,0.7401197852296035,6375,True,2024,Город
persons,life_satisfaction,0.07164077785183548,6544,False,2024,Город
persons,living_satisfaction,0.05601834078060236,6539,False,2024,Город
persons,finance_satisfaction,0.07852099977020305,6398,False,2024,Город
persons,utility_difficulty,0.004971268762137266,6254,False,2024,Город
persons,heat_difficulty,0.006122357200492417,6541,False,2024,Город
persons,no_indoor_water,0.013579288399512312,6375,False,2024,Город
child_share,area,0.16716080498671093,6375,False,2024,Город
child_share,area_per_person,-0.5989192154481711,6375,True,2024,Город
child_share,persons_per_room,0.5753307143364005,6375,True,2024,Город
child_share,life_satisfaction,0.06505233296648785,6544,False,2024,Город
child_share,living_satisfaction,0.047085253131724396,6539,False,2024,Город
child_share,finance_satisfaction,0.07545612750775083,6398,False,2024,Город
child_share,utility_difficulty,0.011196501129048643,6254,False,2024,Город
child_share,heat_difficulty,0.016252835015840378,6541,False,2024,Город
child_share,no_indoor_water,0.006846791415071735,6375,False,2024,Город
area,area_per_person,0.347604718430985,6375,True,2024,Город
area,persons_per_room,-0.2892157885392875,6375,False,2024,Город
area,life_satisfaction,0.0635819650319647,6352,False,2024,Город
area,living_satisfaction,0.04338892548246953,6347,False,2024,Город
area,finance_satisfaction,0.07330679265807394,6212,False,2024,Город
area,utility_difficulty,-0.0077651373264028345,6073,False,2024,Город
area,heat_difficulty,-0.008113204681685207,6348,False,2024,Город
area,no_indoor_water,0.022802147204399586,6375,False,2024,Город
area_per_person,persons_per_room,-0.9029172977670022,6375,True,2024,Город
area_per_person,life_satisfaction,-0.035425887033788246,6352,False,2024,Город
area_per_person,living_satisfaction,-0.030988386970511494,6347,False,2024,Город
area_per_person,finance_satisfaction,-0.03867101551946073,6212,False,2024,Город
area_per_person,utility_difficulty,-0.01304361760114489,6073,False,2024,Город
area_per_person,heat_difficulty,-0.008434633830569244,6348,False,2024,Город
area_per_person,no_indoor_water,0.0031556259495284164,6375,False,2024,Город
persons_per_room,life_satisfaction,0.042273488748509155,6352,False,2024,Город
persons_per_room,living_satisfaction,0.03420913970868829,6347,False,2024,Город
persons_per_room,finance_satisfaction,0.04386354092290791,6212,False,2024,Город
persons_per_room,utility_difficulty,0.01291872149467672,6073,False,2024,Город
persons_per_room,heat_difficulty,0.008046158549690057,6348,False,2024,Город
persons_per_room,no_indoor_water,-0.02748112026560887,6375,False,2024,Город
life_satisfaction,living_satisfaction,0.7762102340768571,6529,False,2024,Город
life_satisfaction,finance_satisfaction,0.7567821895661025,6386,False,2024,Город
life_satisfaction,utility_difficulty,-0.01380389981310757,6242,False,2024,Город
life_satisfaction,heat_difficulty,0.010458984236669812,6529,False,2024,Город
life_satisfaction,no_indoor_water,-0.0037930232813813834,6352,False,2024,Город
living_satisfaction,finance_satisfaction,0.6785985907957153,6381,False,2024,Город
living_satisfaction,utility_difficulty,-0.010055796309554063,6238,False,2024,Город
living_satisfaction,heat_difficulty,0.003943378064907848,6524,False,2024,Город
living_satisfaction,no_indoor_water,-0.001647200765436959,6347,False,2024,Город
finance_satisfaction,utility_difficulty,-0.00014086175839558973,6108,False,2024,Город
finance_satisfaction,heat_difficulty,0.018779483147084577,6383,False,2024,Город
finance_satisfaction,no_indoor_water,-0.004818697086226969,6212,False,2024,Город
utility_difficulty,heat_difficulty,0.1889412260136113,6254,False,2024,Город
utility_difficulty,no_indoor_water,0.012652514939319135,6073,False,2024,Город
heat_difficulty,no_indoor_water,0.018566145669537272,6348,False,2024,Город
persons,child_share,0.7825582138156932,5397,True,2024,Село
persons,area,0.22881385597387463,5329,False,2024,Село
persons,area_per_person,-0.7826205806122344,5329,True,2024,Село
persons,persons_per_room,0.874260884600594,5329,True,2024,Село
persons,life_satisfaction,0.1088091896750715,5374,False,2024,Село
persons,living_satisfaction,0.08100067533972262,5364,False,2024,Село
persons,finance_satisfaction,0.10036301589533198,5228,False,2024,Село
persons,utility_difficulty,0.023319436661775998,5150,False,2024,Село
persons,heat_difficulty,-0.005900421096309646,5358,False,2024,Село
persons,no_indoor_water,-0.012751914643320856,5329,False,2024,Село
child_share,area,0.1646055763532707,5329,False,2024,Село
child_share,area_per_person,-0.619667654493454,5329,True,2024,Село
child_share,persons_per_room,0.6833520602369305,5329,True,2024,Село
child_share,life_satisfaction,0.07274339785253169,5374,False,2024,Село
child_share,living_satisfaction,0.06129673484070976,5364,False,2024,Село
child_share,finance_satisfaction,0.06734131406297936,5228,False,2024,Село
child_share,utility_difficulty,0.03012670910240757,5150,False,2024,Село
child_share,heat_difficulty,0.00343554835867573,5358,False,2024,Село
child_share,no_indoor_water,-0.013020738835371309,5329,False,2024,Село
area,area_per_person,0.3775522836056469,5329,True,2024,Село
area,persons_per_room,-0.09330997321996293,5329,False,2024,Село
area,life_satisfaction,0.13442822894278875,5310,False,2024,Село
area,living_satisfaction,0.10338988762779677,5300,False,2024,Село
area,finance_satisfaction,0.13000809882681094,5165,False,2024,Село
area,utility_difficulty,0.006007456178263137,5086,False,2024,Село
area,heat_difficulty,0.005438431268646757,5294,False,2024,Село
area,no_indoor_water,-0.029831840733011688,5329,False,2024,Село
area_per_person,persons_per_room,-0.886368815604747,5329,True,2024,Село
area_per_person,life_satisfaction,-0.014886624178809258,5310,False,2024,Село
area_per_person,living_satisfaction,-0.009034630117905763,5300,False,2024,Село
area_per_person,finance_satisfaction,-0.012224163414763827,5165,False,2024,Село
area_per_person,utility_difficulty,-0.02186893003620046,5086,False,2024,Село
area_per_person,heat_difficulty,0.004890117801892575,5294,False,2024,Село
area_per_person,no_indoor_water,-0.0041337292438802286,5329,False,2024,Село
persons_per_room,life_satisfaction,0.06565848337073726,5310,False,2024,Село
persons_per_room,living_satisfaction,0.049005811324151334,5300,False,2024,Село
persons_per_room,finance_satisfaction,0.056327981516120965,5165,False,2024,Село
persons_per_room,utility_difficulty,0.026021990666958976,5086,False,2024,Село
persons_per_room,heat_difficulty,-0.007860895645650632,5294,False,2024,Село
persons_per_room,no_indoor_water,-0.016968098023681575,5329,False,2024,Село
life_satisfaction,living_satisfaction,0.7945095265101747,5363,False,2024,Село
life_satisfaction,finance_satisfaction,0.77720900006032,5227,False,2024,Село
life_satisfaction,utility_difficulty,0.001256430057101676,5149,False,2024,Село
life_satisfaction,heat_difficulty,0.02374481151690115,5357,False,2024,Село
life_satisfaction,no_indoor_water,0.09492556109918009,5310,False,2024,Село
living_satisfaction,finance_satisfaction,0.7079828261979826,5217,False,2024,Село
living_satisfaction,utility_difficulty,-0.005240409791197764,5140,False,2024,Село
living_satisfaction,heat_difficulty,0.026089599592335384,5347,False,2024,Село
living_satisfaction,no_indoor_water,0.04801389389393075,5300,False,2024,Село
finance_satisfaction,utility_difficulty,-0.01457959442572819,5014,False,2024,Село
finance_satisfaction,heat_difficulty,0.022559467872495097,5212,False,2024,Село
finance_satisfaction,no_indoor_water,0.08870671321274981,5165,False,2024,Село
utility_difficulty,heat_difficulty,0.25035717508288163,5150,False,2024,Село
utility_difficulty,no_indoor_water,-0.01285437989457742,5086,False,2024,Село
heat_difficulty,no_indoor_water,0.01875111898467556,5294,False,2024,Село
