year,grouping,group,variable,households,n_valid,mean,median,p25,p75,p95,ci_low,ci_high
2021,all,Все,persons,12000,12000,3.489,3.0,2.0,5.0,7.0,,
2021,all,Все,child_share,12000,0,,,,,,,
2021,all,Все,area,12000,11636,69.88801993812307,62.0,49.0,81.0,130.0,,
2021,all,Все,area_per_person,12000,11636,26.399298982691043,20.5,13.6,32.5,64.0,,
2021,all,Все,persons_per_room,12000,11636,1.363885069325083,1.0,0.6666666666666666,1.75,3.0,,
2021,all,Все,life_satisfaction,12000,11927,7.816718370084682,8.0,7.0,9.0,10.0,,
2021,all,Все,living_satisfaction,12000,11928,7.566566063044936,8.0,7.0,9.0,10.0,,
2021,all,Все,finance_satisfaction,12000,11629,7.054518875225729,7.0,6.0,8.0,10.0,,
2021,all,Все,utility_difficulty,12000,11328,0.16807909604519775,0.0,0.0,0.0,1.0,0.1613057048441732,0.17507753581107913
2021,all,Все,heat_difficulty,12000,0,,,,,,,
2021,all,Все,no_indoor_water,12000,11636,0.1888105878308697,0.0,0.0,0.0,1.0,0.18180275948007493,0.19602382537654364
2022,all,Все,persons,12000,12000,3.55675,3.0,2.0,5.0,7.0,,
2022,all,Все,child_share,12000,12000,0.23584980806230807,0.25,0.0,0.42857142857142855,0.6,,
2022,all,Все,area,12000,11744,72.00332084468666,63.0,49.0,85.0,140.0,,
2022,all,Все,area_per_person,12000,11744,26.623334582226356,20.666666666666668,13.666666666666666,33.0,66.0,,
2022,all,Все,persons_per_room,12000,11744,1.36491072104364,1.0,0.6666666666666666,1.75,3.0,,
2022,all,Все,life_satisfaction,12000,11893,7.504750693685361,7.0,7.0,8.0,10.0,,
2022,all,Все,living_satisfaction,12000,11896,7.554808338937458,8.0,7.0,9.0,10.0,,
2022,all,Все,finance_satisfaction,12000,11504,7.013386648122392,7.0,6.0,8.0,10.0,,
2022,all,Все,utility_difficulty,12000,11274,0.08284548518715629,0.0,0.0,0.0,1.0,0.07789816395468224,0.08807699923611839
2022,all,Все,heat_difficulty,12000,11934,0.05119825708061002,0.0,0.0,0.0,1.0,0.047386301152279264,0.05529906200415598
2022,all,Все,no_indoor_water,12000,11744,0.18068801089918257,0.0,0.0,0.0,1.0,0.1738339334851776,0.18775092138722724
2023,all,Все,persons,12000,12000,3.5574166666666667,3.0,2.0,5.0,7.0,,
2023,all,Все,child_share,12000,12000,0.23995788979538982,0.25,0.0,0.5,0.6,,
2023,all,Все,area,12000,11659,71.3439403036281,63.0,49.0,84.0,136.0,,
2023,all,Все,area_per_person,12000,11659,26.692122445699088,20.5,13.75,32.5,65.0,,
2023,all,Все,persons_per_room,12000,11659,1.3861977666956653,1.0,0.6666666666666666,1.75,3.0,,
2023,all,Все,life_satisfaction,12000,11932,7.550787797519276,7.0,7.0,8.0,10.0,,
2023,all,Все,living_satisfaction,12000,11924,7.655149278765515,8.0,7.0,9.0,10.0,,
2023,all,Все,finance_satisfaction,12000,11653,7.112932292113618,7.0,6.0,8.0,10.0,,
2023,all,Все,utility_difficulty,12000,11088,0.06457431457431458,0.0,0.0,0.0,1.0,0.060148714087255126,0.06930152977486424
2023,all,Все,heat_difficulty,12000,11625,0.05101075268817204,0.0,0.0,0.0,1.0,0.04715734586012873,0.0551608076522555
2023,all,Все,no_indoor_water,12000,11659,0.18354918946736426,0.0,0.0,0.0,1.0,0.17662686194016192,0.19067998718998486
2024,all,Все,persons,12000,12000,3.4850833333333333,3.0,2.0,5.0,7.0,,
2024,all,Все,child_share,12000,12000,0.23974601972101975,0.25,0.0,0.5,0.625,,
2024,all,Все,area,12000,11704,72.98906356801093,64.0,50.0,85.0,147.0,,
2024,all,Все,area_per_person,12000,11704,27.890561101198493,21.5,14.2,34.29761904761905,68.92500000000018,,
2024,all,Все,persons_per_room,12000,11704,1.3269730739185626,1.0,0.6666666666666666,1.6666666666666667,3.0,,
2024,all,Все,life_satisfaction,12000,11918,7.60622587682497,7.0,7.0,9.0,10.0,,
2024,all,Все,living_satisfaction,12000,11903,7.635890111736537,8.0,7.0,9.0,10.0,,
2024,all,Все,finance_satisfaction,12000,11626,7.15448133493893,7.0,6.0,8.0,10.0,,
2024,all,Все,utility_difficulty,12000,11404,0.0715538407576289,0.0,0.0,0.0,1.0,0.06696605072116665,0.07643018998399884
2024,all,Все,heat_difficulty,12000,11899,0.02395159257080427,0.0,0.0,0.0,0.0,0.021354100273326765,0.02685637074562723
2024,all,Все,no_indoor_water,12000,11704,0.1737012987012987,0.0,0.0,0.0,1.0,0.16694494459725864,0.18067178434789552
