variable_a,variable_b,rho,n_pairs,shared_formula,year
persons,child_share,0.7620522983671173,12000,True,2022
persons,area,0.2567421838164711,11744,False,2022
persons,area_per_person,-0.7549465393866168,11744,True,2022
persons,persons_per_room,0.7580518930865477,11744,True,2022
persons,life_satisfaction,0.14792117628104667,11893,False,2022
persons,living_satisfaction,0.12195980104115284,11896,False,2022
persons,finance_satisfaction,0.11871829161309462,11504,False,2022
persons,utility_difficulty,-0.018049457740045703,11274,False,2022
persons,heat_difficulty,0.0058023838189712506,11934,False,2022
persons,no_indoor_water,0.060241314417594276,11744,False,2022
child_share,area,0.16000645693716473,11744,False,2022
child_share,area_per_person,-0.5959236958446803,11744,True,2022
child_share,persons_per_room,0.6018845041003557,11744,True,2022
child_share,life_satisfaction,0.11361832061644193,11893,False,2022
child_share,living_satisfaction,0.09272380604198631,11896,False,2022
child_share,finance_satisfaction,0.09718205319546433,11504,False,2022
child_share,utility_difficulty,-0.015799898654471338,11274,False,2022
child_share,heat_difficulty,-0.009640457641456466,11934,False,2022
child_share,no_indoor_water,0.019718449726249386,11744,False,2022
area,area_per_person,0.38604716845952886,11744,True,2022
area,persons_per_room,-0.25833972299277197,11744,False,2022
area,life_satisfaction,0.09791158565141558,11698,False,2022
area,living_satisfaction,0.08587255422338413,11702,False,2022
area,finance_satisfaction,0.07710179565838843,11314,False,2022
area,utility_difficulty,0.0013424189579124678,11085,False,2022
area,heat_difficulty,0.012990056164370462,11738,False,2022
area,no_indoor_water,0.1300108609656819,11744,False,2022
area_per_person,persons_per_room,-0.8958507708958564,11744,True,2022
area_per_person,life_satisfaction,-0.07131579486238485,11698,False,2022
area_per_person,living_satisfaction,-0.053149828370229725,11702,False,2022
area_per_person,finance_satisfaction,-0.05871735065279354,11314,False,2022
area_per_person,utility_difficulty,0.01838422197639688,11085,False,2022
area_per_person,heat_difficulty,0.005361179771500073,11738,False,2022
area_per_person,no_indoor_water,0.03276353347177395,11744,False,2022
persons_per_room,life_satisfaction,0.08889487677475479,11698,False,2022
persons_per_room,living_satisfaction,0.06855073800572463,11702,False,2022
persons_per_room,finance_satisfaction,0.06947333497780586,11314,False,2022
persons_per_room,utility_difficulty,-0.016504002579751525,11085,False,2022
persons_per_room,heat_difficulty,-0.0025926362669072157,11738,False,2022
persons_per_room,no_indoor_water,-0.06662624623078614,11744,False,2022
life_satisfaction,living_satisfaction,0.7347459205319262,11856,False,2022
life_satisfaction,finance_satisfaction,0.7560606871727843,11477,False,2022
life_satisfaction,utility_difficulty,-0.014661269833632293,11236,False,2022
life_satisfaction,heat_difficulty,0.014252344297842048,11893,False,2022
life_satisfaction,no_indoor_water,0.02026688672155034,11698,False,2022
living_satisfaction,finance_satisfaction,0.6829005101048966,11473,False,2022
living_satisfaction,utility_difficulty,-0.0034446674394116783,11239,False,2022
living_satisfaction,heat_difficulty,0.003668623811237302,11896,False,2022
living_satisfaction,no_indoor_water,0.015373930745618632,11702,False,2022
finance_satisfaction,utility_difficulty,-0.027666480027603232,10871,False,2022
finance_satisfaction,heat_difficulty,-0.0013879404121755867,11504,False,2022
finance_satisfaction,no_indoor_water,0.01783494615350926,11314,False,2022
utility_difficulty,heat_difficulty,0.2937928149475685,11274,False,2022
utility_difficulty,no_indoor_water,-0.008242268334946831,11085,False,2022
heat_difficulty,no_indoor_water,-0.0014758320569118587,11738,False,2022
